year,popu,population,p
1950,554419275,554.419275,0.000001
1951,569611075,569.611075,0.000001
1952,582029301,582.029301,0.000001
1953,592567861,592.567861,0.000001
1954,601971218,601.971218,0.000001
1955,610834396,610.834396,0.000001
1956,619597547,619.597547,0.000001
1957,628551405,628.551405,0.000001
1958,637853609,637.853609,0.000001
1959,647555963,647.555963,0.000001
1960,657686143,657.686143,0.000001
1961,668334897,668.334897,0.000001
1962,679732315,679.732315,0.000001
1963,692280490,692.280490,0.000001
1964,706460953,706.460953,0.000001
1965,722562183,722.562183,0.000001
1966,740745642,740.745642,0.000001
1967,760771063,760.771063,0.000001
1968,782008729,782.008729,0.000001
1969,803577221,803.577221,0.000001
1970,824788457,824.788457,0.000001
1971,845481578,845.481578,0.000001
1972,865686530,865.686530,0.000001
1973,885145933,885.145933,0.000001
1974,903613538,903.613538,0.000001
1975,920945083,920.945083,0.000001
1976,937018252,937.018252,0.000001
1977,951927444,951.927444,0.000001
1978,966039822,966.039822,0.000001
1979,979880619,979.880619,0.000001
1980,993877310,993.877310,0.000001
1981,1008000152,1008.000152,0.000001
1982,1022253396,1022.253396,0.000001
1983,1037123834,1037.123834,0.000001
1984,1053210735,1053.210735,0.000001
1985,1070863389,1070.863389,0.000001
1986,1090348056,1090.348056,0.000001
1987,1111341725,1111.341725,0.000001
1988,1132866344,1132.866344,0.000001
1989,1153565894,1153.565894,0.000001
1990,1172445200,1172.445200,0.000001
1991,1189183522,1189.183522,0.000001
1992,1204003901,1204.003901,0.000001
1993,1217129133,1217.129133,0.000001
1994,1228991932,1228.991932,0.000001
1995,1239940004,1239.940004,0.000001
1996,1249981441,1249.981441,0.000001
1997,1259066974,1259.066974,0.000001
1998,1267441503,1267.441503,0.000001
1999,1275406699,1275.406699,0.000001
2000,1283198970,1283.198970,0.000001
2001,1290937649,1290.937649,0.000001
2002,1298646577,1298.646577,0.000001
2003,1306343911,1306.343911,0.000001
2004,1314007478,1314.007478,0.000001
2005,1321623490,1321.623490,0.000001
2006,1329209094,1329.209094,0.000001
2007,1336800506,1336.800506,0.000001
2008,1344415227,1344.415227,0.000001
2009,1352068091,1352.068091,0.000001
2010,1359755102,1359.755102,0.000001
2011,1367480264,1367.480264,0.000001
2012,1375198619,1375.198619,0.000001
2013,1382793212,1382.793212,0.000001
2014,1390110388,1390.110388,0.000001
2015,1397028553,1397.028553,0.000001
2016,1403500365,1403.500365,0.000001
2017,1409517397,1409.517397,0.000001
2018,1415045928,1415.045928,0.000001
2019,1420062022,1420.062022,0.000001
